[
    {
      "namn": "Johannes Thingnes Boe",
      "tidstillagg": 0,
      "liggande_traffsakerhet": 87,
      "liggande_tid": 30,
      "staende_traffsakerhet": 89,
      "staende_tid": 23,
      "status": "ok",
      "form": 0,
      "erfarenhet": 0,
      "total_tid": 0,
      "straffrunda": 0,
      "liggande_straffrundor": 0,
      "staende_straffrundor": 0,
      "straffrundor_totalt": 0
    },
    {
      "namn": "Sturla Holm Laegreid",
      "tidstillagg": 2.1,
      "liggande_traffsakerhet": 98,
      "liggande_tid": 27,
      "staende_traffsakerhet": 83,
      "staende_tid": 23,
      "status": "ok",
      "form": 0,
      "erfarenhet": 0,
      "total_tid": 0,
      "straffrunda": 0,
      "liggande_straffrundor": 0,
      "staende_straffrundor": 0,
      "straffrundor_totalt": 0
    },
    {
      "namn": "Vetle Sjaastad Christiansen",
      "tidstillagg": 1.9,
      "liggande_traffsakerhet": 93,
      "liggande_tid": 29,
      "staende_traffsakerhet": 77,
      "staende_tid": 27,
      "form": 0,
      "status": "ok",
      "erfarenhet": 0,
      "total_tid": 0,
      "straffrunda": 0,
      "liggande_straffrundor": 0,
      "staende_straffrundor": 0,
      "straffrundor_totalt": 0
    },
    {
      "namn": "Quentin Fillon Maillet",
      "tidstillagg": 3.6,
      "liggande_traffsakerhet": 84,
      "liggande_tid": 29,
      "staende_traffsakerhet": 86,
      "staende_tid": 21,
      "form": 0,
      "status": "ok",
      "erfarenhet": 0,
      "total_tid": 0,
      "straffrunda": 0,
      "liggande_straffrundor": 0,
      "staende_straffrundor": 0,
      "straffrundor_totalt": 0
    },
    {
      "namn": "Martin Ponsiluoma",
      "tidstillagg": 2.2,
      "liggande_traffsakerhet": 75,
      "liggande_tid": 28,
      "staende_traffsakerhet": 75,
      "staende_tid": 25,
      "form": 0,
      "status": "ok",
      "erfarenhet": 0,
      "total_tid": 0,
      "straffrunda": 0,
      "liggande_straffrundor": 0,
      "staende_straffrundor": 0,
      "straffrundor_totalt": 0
    },
    {
      "namn": "Johannes Dale",
      "tidstillagg": 3.1,
      "liggande_traffsakerhet": 86,
      "liggande_tid": 31,
      "staende_traffsakerhet": 78,
      "staende_tid": 26,
      "form": 0,
      "status": "ok",
      "erfarenhet": 0,
      "total_tid": 0,
      "straffrunda": 0,
      "liggande_straffrundor": 0,
      "staende_straffrundor": 0,
      "straffrundor_totalt": 0
    },
    {
      "namn": "Benedikt Doll",
      "tidstillagg": 2.8,
      "liggande_traffsakerhet": 84,
      "liggande_tid": 29,
      "staende_traffsakerhet": 80,
      "staende_tid": 28,
      "form": 0,
      "status": "ok",
      "erfarenhet": 0,
      "total_tid": 0,
      "straffrunda": 0,
      "liggande_straffrundor": 0,
      "staende_straffrundor": 0,
      "straffrundor_totalt": 0
    },
    {
      "namn": "Tarjei Boe",
      "tidstillagg": 2.6,
      "liggande_traffsakerhet": 94,
      "liggande_tid": 30,
      "staende_traffsakerhet": 80,
      "staende_tid": 26,
      "form": 0,
      "status": "ok",
      "erfarenhet": 0,
      "total_tid": 0,
      "straffrunda": 0,
      "liggande_straffrundor": 0,
      "staende_straffrundor": 0,
      "straffrundor_totalt": 0
    },
    {
      "namn": "Roman Rees",
      "tidstillagg": 4.7,
      "liggande_traffsakerhet": 89,
      "liggande_tid": 30,
      "staende_traffsakerhet": 86,
      "staende_tid": 27,
      "form": 0,
      "status": "ok",
      "erfarenhet": 0,
      "total_tid": 0,
      "straffrunda": 0,
      "liggande_straffrundor": 0,
      "staende_straffrundor": 0,
      "straffrundor_totalt": 0
    },
    {
      "namn": "Emilien Jacquelin",
      "tidstillagg": 3.3,
      "liggande_traffsakerhet": 88,
      "liggande_tid": 30,
      "staende_traffsakerhet": 73,
      "staende_tid": 22,
      "form": 0,
      "status": "ok",
      "erfarenhet": 0,
      "total_tid": 0,
      "straffrunda": 0,
      "liggande_straffrundor": 0,
      "staende_straffrundor": 0,
      "straffrundor_totalt": 0
    },
    {
      "namn": "Fabien Claude",
      "tidstillagg": 3.4,
      "liggande_traffsakerhet": 87,
      "liggande_tid": 30,
      "staende_traffsakerhet": 77,
      "staende_tid": 24,
      "form": 0,
      "status": "ok",
      "erfarenhet": 0,
      "total_tid": 0,
      "straffrunda": 0,
      "liggande_straffrundor": 0,
      "staende_straffrundor": 0,
      "straffrundor_totalt": 0
    },
    {
      "namn": "Niklas Hartweg",
      "tidstillagg": 6.9,
      "liggande_traffsakerhet": 92,
      "liggande_tid": 26,
      "staende_traffsakerhet": 85,
      "staende_tid": 25,
      "form": 0,
      "status": "ok",
      "erfarenhet": 0,
      "total_tid": 0,
      "straffrunda": 0,
      "liggande_straffrundor": 0,
      "staende_straffrundor": 0,
      "straffrundor_totalt": 0
    },
    {
      "namn": "Sebastian Samuelsson",
      "tidstillagg": 2.5,
      "liggande_traffsakerhet": 87,
      "liggande_tid": 30,
      "staende_traffsakerhet": 85,
      "staende_tid": 26,
      "form": 0,
      "status": "ok",
      "erfarenhet": 0,
      "total_tid": 0,
      "straffrunda": 0,
      "liggande_straffrundor": 0,
      "staende_straffrundor": 0,
      "straffrundor_totalt": 0
    },
    {
      "namn": "Tommaso Giacomel",
      "tidstillagg": 4.2,
      "liggande_traffsakerhet": 81,
      "liggande_tid": 30,
      "staende_traffsakerhet": 79,
      "staende_tid": 20,
      "form": 0,
      "status": "ok",
      "erfarenhet": 0,
      "total_tid": 0,
      "straffrunda": 0,
      "liggande_straffrundor": 0,
      "staende_straffrundor": 0,
      "straffrundor_totalt": 0
    },
    {
      "namn": "Michal Krcmar",
      "tidstillagg": 4.4,
      "liggande_traffsakerhet": 87,
      "liggande_tid": 32,
      "staende_traffsakerhet": 81,
      "staende_tid": 29,
      "form": 0,
      "status": "ok",
      "erfarenhet": 0,
      "total_tid": 0,
      "straffrunda": 0,
      "liggande_straffrundor": 0,
      "staende_straffrundor": 0,
      "straffrundor_totalt": 0
    },
    {
        "namn": "Jesper Nelin",
        "tidstillagg": 3.8,
        "liggande_traffsakerhet": 85,
        "liggande_tid": 31,
        "staende_traffsakerhet": 81,
        "staende_tid": 31,
        "form": "ok",
        "status": "ok",
        "total_tid": 0,
        "straffrunda": 0,
        "liggande_straffrundor": 0,
        "staende_straffrundor": 0,
        "straffrundor_totalt": 0
    },
    {
        "namn": "Jakov Fak",
        "tidstillagg": 5.7,
        "liggande_traffsakerhet": 90,
        "liggande_tid": 28,
        "staende_traffsakerhet": 85,
        "staende_tid": 26,
      "form": 0,
        "status": "ok",
      "erfarenhet": 0,
      "total_tid": 0,
        "straffrunda": 0,
        "liggande_straffrundor": 0,
        "staende_straffrundor": 0,
        "straffrundor_totalt": 0
    },
    {
        "namn": "Filip Fjeld Andersen",
        "tidstillagg": 4.3,
        "liggande_traffsakerhet": 90,
        "liggande_tid": 31,
        "staende_traffsakerhet": 76,
        "staende_tid": 27,
      "form": 0,
        "status": "ok",
      "erfarenhet": 0,
      "total_tid": 0,
        "straffrunda": 0,
        "liggande_straffrundor": 0,
        "staende_straffrundor": 0,
        "straffrundor_totalt": 0
    },
    {
        "namn": "Sebastian Stalder",
        "tidstillagg": 6.4,
        "liggande_traffsakerhet": 94,
        "liggande_tid": 29,
        "staende_traffsakerhet": 86,
        "staende_tid": 24,
      "form": 0,
        "status": "ok",
      "erfarenhet": 0,
      "total_tid": 0,
        "straffrunda": 0,
        "liggande_straffrundor": 0,
        "staende_straffrundor": 0,
        "straffrundor_totalt": 0
    },
    {
        "namn": "Florent Claude",
        "tidstillagg": 7.4,
        "liggande_traffsakerhet": 87,
        "liggande_tid": 33,
        "staende_traffsakerhet": 86,
        "staende_tid": 27,
      "form": 0,
        "status": "ok",
      "erfarenhet": 0,
      "total_tid": 0,
        "straffrunda": 0,
        "liggande_straffrundor": 0,
        "staende_straffrundor": 0,
        "straffrundor_totalt": 0
    },
    {
        "namn": "Justus Strelow",
        "tidstillagg": 7.5,
        "liggande_traffsakerhet": 96,
        "liggande_tid": 27,
        "staende_traffsakerhet": 81,
        "staende_tid": 24,
      "form": 0,
        "status": "ok",
      "erfarenhet": 0,
      "total_tid": 0,
        "straffrunda": 0,
        "liggande_straffrundor": 0,
        "staende_straffrundor": 0,
        "straffrundor_totalt": 0
    },
  {
    "namn": "Vytautas Strolia",
    "tidstillagg": 7.1,
    "liggande_traffsakerhet": 88,
    "liggande_tid": 31,
    "staende_traffsakerhet": 84,
    "staende_tid": 26,
      "form": 0,
        "status": "ok",
      "erfarenhet": 0,
      "total_tid": 0,
    "straffrunda": 0,
    "liggande_straffrundor": 0,
    "staende_straffrundor": 0,
    "straffrundor_totalt": 0
  },
  {
    "namn": "Antonin Guigonnat",
    "tidstillagg": 4.2,
    "liggande_traffsakerhet": 86,
    "liggande_tid": 32,
    "staende_traffsakerhet": 75,
    "staende_tid": 24,
      "form": 0,
        "status": "ok",
      "erfarenhet": 0,
      "total_tid": 0,
    "straffrunda": 0,
    "liggande_straffrundor": 0,
    "staende_straffrundor": 0,
    "straffrundor_totalt": 0
  },
  {
    "namn": "David Zobel",
    "tidstillagg": 6.5,
    "liggande_traffsakerhet": 94,
    "liggande_tid": 30,
    "staende_traffsakerhet": 79,
    "staende_tid": 29,
      "form": 0,
        "status": "ok",
      "erfarenhet": 0,
      "total_tid": 0,
    "straffrunda": 0,
    "liggande_straffrundor": 0,
    "staende_straffrundor": 0,
    "straffrundor_totalt": 0
  },
  {
    "namn": "Simon Eder",
    "tidstillagg": 7.4,
    "liggande_traffsakerhet": 98,
    "liggande_tid": 27,
    "staende_traffsakerhet": 82,
    "staende_tid": 25,
      "form": 0,
        "status": "ok",
      "erfarenhet": 0,
      "total_tid": 0,
    "straffrunda": 0,
    "liggande_straffrundor": 0,
    "staende_straffrundor": 0,
    "straffrundor_totalt": 0
  },
  {
    "namn": "Olli Hiidensalo",
    "tidstillagg": 7.5,
    "liggande_traffsakerhet": 90,
    "liggande_tid": 29,
    "staende_traffsakerhet": 77,
    "staende_tid": 25,
      "form": 0,
        "status": "ok",
      "erfarenhet": 0,
      "total_tid": 0,
    "straffrunda": 0,
    "liggande_straffrundor": 0,
    "staende_straffrundor": 0,
    "straffrundor_totalt": 0
  },
  {
    "namn": "Timofei Lapshin",
    "tidstillagg": 7.6,
    "liggande_traffsakerhet": 78,
    "liggande_tid": 25,
    "staende_traffsakerhet": 87,
    "staende_tid": 22,
    "form": 0,
    "status": "ok",
    "erfarenhet": 0,
    "total_tid": 0,
    "straffrunda": 0,
    "liggande_straffrundor": 0,
    "staende_straffrundor": 0,
    "straffrundor_totalt": 0
  },
  {
    "namn": "Andrejs Rastorgujevs",
    "tidstillagg": 5.7,
    "liggande_traffsakerhet": 83,
    "liggande_tid": 29,
    "staende_traffsakerhet": 71,
    "staende_tid": 27,
      "form": 0,
        "status": "ok",
      "erfarenhet": 0,
      "total_tid": 0,
    "straffrunda": 0,
    "liggande_straffrundor": 0,
    "staende_straffrundor": 0,
    "straffrundor_totalt": 0
  },
  {
    "namn": "Johannes Kuehn",
    "tidstillagg": 3.4,
    "liggande_traffsakerhet": 90,
    "liggande_tid": 30,
    "staende_traffsakerhet": 68,
    "staende_tid": 28,
      "form": 0,
        "status": "ok",
      "erfarenhet": 0,
      "total_tid": 0,
    "straffrunda": 0,
    "liggande_straffrundor": 0,
    "staende_straffrundor": 0,
    "straffrundor_totalt": 0
  },
  {
    "namn": "Felix Leitner",
    "tidstillagg": 7.6,
    "liggande_traffsakerhet": 93,
    "liggande_tid": 30,
    "staende_traffsakerhet": 85,
    "staende_tid": 25,
      "form": 0,
        "status": "ok",
      "erfarenhet": 0,
      "total_tid": 0,
    "straffrunda": 0,
    "liggande_straffrundor": 0,
    "staende_straffrundor": 0,
    "straffrundor_totalt": 0
  }
]