[
    {
        "namn": "Julia Simon",
        "tidstillagg": 1.9,
        "liggande_traffsakerhet": 92,
        "staende_traffsakerhet": 86,
        "liggande_tid": 22,
        "staende_tid": 28,
        "status": "ok",
        "form": 0,
        "erfarenhet": 0,
        "total_tid": 0,
        "straffrunda": 0,
        "liggande_straffrundor": 0,
        "staende_straffrundor": 0,
        "straffrundor_totalt": 0
    },
    {
        "namn": "Elvira Öberg",
        "tidstillagg": 1.6,
        "liggande_traffsakerhet": 93,
        "staende_traffsakerhet": 86,
        "liggande_tid": 30,
        "staende_tid": 29,
        "status": "ok",
        "form": 0,
        "erfarenhet": 0,
        "total_tid": 0,
        "straffrunda": 0,
        "liggande_straffrundor": 0,
        "staende_straffrundor": 0,
        "straffrundor_totalt": 0
    },
    {
        "namn": "Lisa Vittozzi",
        "tidstillagg": 2.4,
        "liggande_traffsakerhet": 89,
        "staende_traffsakerhet": 89,
        "liggande_tid": 29,
        "staende_tid": 25,
        "status": "ok",
        "form": 0,
        "erfarenhet": 0,
        "total_tid": 0,
        "straffrunda": 0,
        "liggande_straffrundor": 0,
        "staende_straffrundor": 0,
        "straffrundor_totalt": 0
    },
    {
        "namn": "Dorothea Wierer",
        "tidstillagg": 4.2,
        "liggande_traffsakerhet": 92,
        "staende_traffsakerhet": 82,
        "liggande_tid": 25,
        "staende_tid": 26,
        "status": "ok",
        "form": 0,
        "erfarenhet": 0,
        "total_tid": 0,
        "straffrunda": 0,
        "liggande_straffrundor": 0,
        "staende_straffrundor": 0,
        "straffrundor_totalt": 0
    },
    {
        "namn": "Denise Herrmann-Wick",
        "tidstillagg": 0.8,
        "liggande_traffsakerhet": 88,
        "staende_traffsakerhet": 81,
        "liggande_tid": 32,
        "staende_tid": 28,
        "status": "ok",
        "form": 0,
        "erfarenhet": 0,
        "total_tid": 0,
        "straffrunda": 0,
    "liggande_straffrundor": 0,
    "staende_straffrundor": 0,
    "straffrundor_totalt": 0
    },
  {
    "namn": "Lisa Theresa Hauser",
    "tidstillagg": 4.9,
    "liggande_traffsakerhet": 91,
    "staende_traffsakerhet": 82,
    "liggande_tid": 27,
    "staende_tid": 24,
    "status": "ok",
    "form": 0,
    "erfarenhet": 0,
    "total_tid": 0,
    "straffrunda": 0,
    "liggande_straffrundor": 0,
    "staende_straffrundor": 0,
    "straffrundor_totalt": 0
  },
  {
    "namn": "Linn Persson",
    "tidstillagg": 3.4,
    "liggande_traffsakerhet": 91,
    "staende_traffsakerhet": 90,
    "liggande_tid": 24,
    "staende_tid": 26,
    "status": "ok",
    "form": 0,
    "erfarenhet": 0,
    "total_tid": 0,
    "straffrunda": 0,
    "liggande_straffrundor": 0,
    "staende_straffrundor": 0,
    "straffrundor_totalt": 0
  },
  {
    "namn": "Marketa Davidova",
    "tidstillagg": 4.1,
    "liggande_traffsakerhet": 86,
    "staende_traffsakerhet": 86,
    "liggande_tid": 26,
    "staende_tid": 27,
    "status": "ok",
    "form": 0,
    "erfarenhet": 0,
    "total_tid": 0,
    "straffrunda": 0,
    "liggande_straffrundor": 0,
    "staende_straffrundor": 0,
    "straffrundor_totalt": 0
  },
  {
    "namn": "Ingrid Landmark Tandrevold",
    "tidstillagg": 2.0,
    "liggande_traffsakerhet": 95,
    "staende_traffsakerhet": 76,
    "liggande_tid": 27,
    "staende_tid": 29,
    "status": "ok",
    "form": 0,
    "erfarenhet": 0,
    "total_tid": 0,
    "straffrunda": 0,
    "liggande_straffrundor": 0,
    "staende_straffrundor": 0,
    "straffrundor_totalt": 0
  },
  {
    "namn": "Hanna Öberg",
    "tidstillagg": 2.1,
    "liggande_traffsakerhet": 80,
    "staende_traffsakerhet": 88,
    "liggande_tid": 27,
    "staende_tid": 24,
    "status": "ok",
    "form": 0,
    "erfarenhet": 0,
    "total_tid": 0,
    "straffrunda": 0,
    "liggande_straffrundor": 0,
    "staende_straffrundor": 0,
    "straffrundor_totalt": 0
  },
    {
        "namn": "Anais Chevalier-Bouchet",
        "tidstillagg": 2.8,
        "liggande_traffsakerhet": 84,
        "staende_traffsakerhet": 87,
        "liggande_tid": 29,
        "staende_tid": 26,
        "status": "ok",
        "form": 0,
        "erfarenhet": 0,
        "total_tid": 0,
        "straffrunda": 0,
        "liggande_straffrundor": 0,
        "staende_straffrundor": 0,
        "straffrundor_totalt": 0
    },
    {
        "namn": "Lou Jeanmonnot",
        "tidstillagg": 3.6,
        "liggande_traffsakerhet": 91,
        "staende_traffsakerhet": 87,
        "liggande_tid": 34,
        "staende_tid": 29,
        "status": "ok",
        "form": 0,
        "erfarenhet": 0,
        "total_tid": 0,
        "straffrunda": 0,
        "liggande_straffrundor": 0,
        "staende_straffrundor": 0,
        "straffrundor_totalt": 0
    },
    {
        "namn": "Vanessa Voigt",
        "tidstillagg": 5.5,
        "liggande_traffsakerhet": 92,
        "staende_traffsakerhet": 88,
        "liggande_tid": 33,
        "staende_tid": 31,
        "status": "ok",
        "form": 0,
        "erfarenhet": 0,
        "total_tid": 0,
        "straffrunda": 0,
        "liggande_straffrundor": 0,
        "staende_straffrundor": 0,
        "straffrundor_totalt": 0
    },
    {
        "namn": "Anna Magnusson",
        "tidstillagg": 5.9,
        "liggande_traffsakerhet": 88,
        "staende_traffsakerhet": 81,
        "liggande_tid": 30,
        "staende_tid": 27,
        "status": "ok",
        "form": 0,
        "erfarenhet": 0,
        "total_tid": 0,
        "straffrunda": 0,
        "liggande_straffrundor": 0,
        "staende_straffrundor": 0,
        "straffrundor_totalt": 0
    },
    {
        "namn": "Paulina Batovska Fialkova",
        "tidstillagg": 3.8,
        "liggande_traffsakerhet": 88,
        "staende_traffsakerhet": 79,
        "liggande_tid": 29,
        "staende_tid": 30,
        "status": "ok",
        "form": 0,
        "erfarenhet": 0,
        "total_tid": 0,
        "straffrunda": 0,
        "liggande_straffrundor": 0,
        "staende_straffrundor": 0,
        "straffrundor_totalt": 0
    },
    {
        "namn": "Chloe Chevalier",
        "tidstillagg": 4.5,
        "liggande_traffsakerhet": 87,
        "liggande_tid": 30,
        "staende_traffsakerhet": 84,
        "staende_tid": 31,
        "status": "ok",
        "form": 0,
        "erfarenhet": 0,
        "total_tid": 0,
        "straffrunda": 0,
        "liggande_straffrundor": 0,
        "staende_straffrundor": 0,
        "straffrundor_totalt": 0
    },
    {
        "namn": "Eder Mari",
        "tidstillagg": 3.1,
        "liggande_traffsakerhet": 79,
        "liggande_tid": 35,
        "staende_traffsakerhet": 73,
        "staende_tid": 30,
        "status": "ok",
        "form": 0,
        "erfarenhet": 0,
        "total_tid": 0,
        "straffrunda": 0,
        "liggande_straffrundor": 0,
        "staende_straffrundor": 0,
        "straffrundor_totalt": 0
    },
    {
        "namn": "Sophie Chauveau",
        "tidstillagg": 2.7,
        "liggande_traffsakerhet": 89,
        "liggande_tid": 33,
        "staende_traffsakerhet": 74,
        "staende_tid": 32,
        "status": "ok",
        "form": 0,
        "erfarenhet": 0,
        "total_tid": 0,
        "straffrunda": 0,
        "liggande_straffrundor": 0,
        "staende_straffrundor": 0,
        "straffrundor_totalt": 0
    },
    {
        "namn": "Lena Haecki-Gross",
        "tidstillagg": 4.0,
        "liggande_traffsakerhet": 79,
        "liggande_tid": 29,
        "staende_traffsakerhet": 73,
        "staende_tid": 25,
        "status": "ok",
        "form": 0,
        "erfarenhet": 0,
        "total_tid": 0,
        "straffrunda": 0,
        "liggande_straffrundor": 0,
        "staende_straffrundor": 0,
        "straffrundor_totalt": 0
    },
    {
        "namn": "Karoline Offigstad Knotten",
        "tidstillagg": 6.6,
        "liggande_traffsakerhet": 92,
        "liggande_tid": 26,
        "staende_traffsakerhet": 88,
        "staende_tid": 26,
        "status": "ok",
        "form": 0,
        "erfarenhet": 0,
        "total_tid": 0,
        "straffrunda": 0,
        "liggande_straffrundor": 0,
        "staende_straffrundor": 0,
        "straffrundor_totalt": 0
    },
  {
    "namn": "Aita Gasparin",
    "tidstillagg": 8.7,
    "liggande_traffsakerhet": 88,
    "staende_traffsakerhet": 84,
    "liggande_tid": 29,
    "staende_tid": 25,
    "status": "ok",
    "form": 0,
    "erfarenhet": 0,
    "total_tid": 0,
    "straffrunda": 0,
    "liggande_straffrundor": 0,
    "staende_straffrundor": 0,
    "straffrundor_totalt": 0
  },
  {
    "namn": "Caroline Colombo",
    "tidstillagg": 4.6,
    "liggande_traffsakerhet": 82,
    "staende_traffsakerhet": 79,
    "liggande_tid": 33,
    "staende_tid": 28,
    "status": "ok",
    "form": 0,
    "erfarenhet": 0,
    "total_tid": 0,
    "straffrunda": 0,
    "liggande_straffrundor": 0,
    "staende_straffrundor": 0,
    "straffrundor_totalt": 0
  },
  {
    "namn": "Sophia Schneider",
    "tidstillagg": 3.9,
    "liggande_traffsakerhet": 78,
    "staende_traffsakerhet": 78,
    "liggande_tid": 33,
    "staende_tid": 29,
    "status": "ok",
    "form": 0,
    "erfarenhet": 0,
    "total_tid": 0,
    "straffrunda": 0,
    "liggande_straffrundor": 0,
    "staende_straffrundor": 0,
    "straffrundor_totalt": 0
  },
  {
    "namn": "Elisa Gasparin",
    "tidstillagg": 7.5,
    "liggande_traffsakerhet": 89,
    "staende_traffsakerhet": 73,
    "liggande_tid": 30,
    "staende_tid": 27,
    "status": "ok",
    "form": 0,
    "erfarenhet": 0,
    "total_tid": 0,
    "straffrunda": 0,
    "liggande_straffrundor": 0,
    "staende_straffrundor": 0,
    "straffrundor_totalt": 0
  },
  {
    "namn": "Marte Olsbu Roeiseland",
    "tidstillagg": 3.0,
    "liggande_traffsakerhet": 90,
    "staende_traffsakerhet": 90,
    "liggande_tid": 28,
    "staende_tid": 24,
    "status": "ok",
    "form": 0,
    "erfarenhet": 0,
    "total_tid": 0,
    "straffrunda": 0,
    "liggande_straffrundor": 0,
    "staende_straffrundor": 0,
    "straffrundor_totalt": 0
  },
  {
    "namn": "Emma Lunder",
    "tidstillagg": 6.1,
    "liggande_traffsakerhet": 84,
    "liggande_tid": 30,
    "staende_traffsakerhet": 81,
    "staende_tid": 24,
    "status": "ok",
    "form": 0,
    "erfarenhet": 0,
    "total_tid": 0,
    "straffrunda": 0,
    "liggande_straffrundor": 0,
    "staende_straffrundor": 0,
    "straffrundor_totalt": 0
  },
  {
    "namn": "Anna Weidel",
    "tidstillagg": 7.6,
    "liggande_traffsakerhet": 86,
    "liggande_tid": 25,
    "staende_traffsakerhet": 83,
    "staende_tid": 23,
    "status": "ok",
    "form": 0,
    "erfarenhet": 0,
    "total_tid": 0,
    "straffrunda": 0,
    "liggande_straffrundor": 0,
    "staende_straffrundor": 0,
    "straffrundor_totalt": 0
  },
  {
    "namn": "Ragnhild Femsteinevik",
    "tidstillagg": 5.2,
    "liggande_traffsakerhet": 79,
    "liggande_tid": 29,
    "staende_traffsakerhet": 78,
    "staende_tid": 28,
    "status": "ok",
    "form": 0,
    "erfarenhet": 0,
    "total_tid": 0,
    "straffrunda": 0,
    "liggande_straffrundor": 0,
    "staende_straffrundor": 0,
    "straffrundor_totalt": 0
  },
  {
    "namn": "Jessica Jislova",
    "tidstillagg": 9.9,
    "liggande_traffsakerhet": 95,
    "liggande_tid": 29,
    "staende_traffsakerhet": 86,
    "staende_tid": 28,
    "status": "ok",
    "form": 0,
    "erfarenhet": 0,
    "total_tid": 0,
    "straffrunda": 0,
    "liggande_straffrundor": 0,
    "staende_straffrundor": 0,
    "straffrundor_totalt": 0
  },
  {
    "namn": "Suvi Minkkinen",
    "tidstillagg": 9.4,
    "liggande_traffsakerhet": 88,
    "liggande_tid": 30,
    "staende_traffsakerhet": 86,
    "staende_tid": 24,
    "status": "ok",
    "form": 0,
    "erfarenhet": 0,
    "total_tid": 0,
    "straffrunda": 0,
    "liggande_straffrundor": 0,
    "staende_straffrundor": 0,
    "straffrundor_totalt": 0
  }
]